,title,revenues,genres
0,Cinderella,542351353,Drama/Family/Romance/Comedy
1,"I, Frankenstein",71154592,Thriller/Mystery/Horror/Crime
2,Source Code,147332697,Drama/Family/Romance/Comedy
3,Bridge of Spies,165478348,Biography/History/Documentary/War
4,The Unborn,76514050,Drama/Family/Romance/Comedy
5,Gravity,723192705,Fantasy/Sci-Fi
6,The Impossible,198087212,Biography/History/Documentary/War
7,Planes: Fire & Rescue,146965787,Animation/Fantasy
8,Journey 2: The Mysterious Island,335260290,Action/Adventure
9,Ip Man 3,156844753,Biography/History/Documentary/War
10,Old Dogs,96753696,Drama/Family/Romance/Comedy
11,Ne Zha,700547754,Animation/Fantasy
12,Trolls,346864462,Animation/Fantasy
13,Predators,127233108,Fantasy/Sci-Fi
14,The Last Witch Hunter,146936910,Action/Adventure
15,Fool's Gold,111231041,Thriller/Mystery/Horror/Crime
16,Black Swan,329398046,Drama/Family/Romance/Comedy
17,War Room,73256266,Drama/Family/Romance/Comedy
18,The Counsellor,71009334,Thriller/Mystery/Horror/Crime
19,Role Models,92380927,Drama/Family/Romance/Comedy
20,Moonlight,65046687,Drama/Family/Romance/Comedy
21,The Island,198326350,Fantasy/Sci-Fi
22,Anna Karenina,68929150,Drama/Family/Romance/Comedy
23,Thor: The Dark World,644783140,Marvel
24,The Incredible Hulk,263427551,Marvel
25,The Inbetweeners Movie,88025781,Drama/Family/Romance/Comedy
26,Paul,97984015,Drama/Family/Romance/Comedy
27,Argo,232325503,Biography/History/Documentary/War
28,Defiance,51155219,Biography/History/Documentary/War
29,Johnny English Strikes Again,158970776,Action/Adventure
30,The Book of Eli,157107755,Thriller/Mystery/Horror/Crime
31,Anchorman 2: The Legend Continues,171464676,Drama/Family/Romance/Comedy
32,Justin Bieber: Never Say Never,99036827,Biography/History/Documentary/War
33,Sex Tape,126069509,Drama/Family/Romance/Comedy
34,The Little Prince,97571250,Animation/Fantasy
35,X-Men: Days of Future Past,746045700,Thriller/Mystery/Horror/Crime
36,The Post,179769457,Biography/History/Documentary/War
37,Red Cliff,127814609,Biography/History/Documentary/War
38,The Equalizer 2,190400157,Thriller/Mystery/Horror/Crime
39,Tomorrowland,209035668,Drama/Family/Romance/Comedy
40,A Madea Family Funeral,74747725,Drama/Family/Romance/Comedy
41,Saving Mr. Banks,117867984,Biography/History/Documentary/War
42,Prisoners,122126687,Drama/Family/Romance/Comedy
43,The Princess and the Frog,267045765,Animation/Fantasy
44,A Quiet Place,340939361,Drama/Family/Romance/Comedy
45,Kung Fu Panda 2,665692281,Animation/Fantasy
46,Ouija: Origin of Evil,81705746,Thriller/Mystery/Horror/Crime
47,Inside Out,857611174,Animation/Fantasy
48,A Dog's Journey,71746590,Drama/Family/Romance/Comedy
49,The Attorney,70567539,Drama/Family/Romance/Comedy
50,Youth,227091290,Others
51,BlacKkKlansman,93400823,Biography/History/Documentary/War
52,Bad Teacher,216197492,Drama/Family/Romance/Comedy
53,Instructions Not Included,99067206,Drama/Family/Romance/Comedy
54,Immortals,226904017,Drama/Family/Romance/Comedy
55,Zookeeper,169852759,Drama/Family/Romance/Comedy
56,The Conjuring,319494638,Thriller/Mystery/Horror/Crime
57,Us,255105930,Thriller/Mystery/Horror/Crime
58,Mad Max: Fury Road,374736354,Thriller/Mystery/Horror/Crime
59,Rush,90247624,Biography/History/Documentary/War
60,Red Riding Hood,89162162,Thriller/Mystery/Horror/Crime
61,Dragon Blade,121545703,Biography/History/Documentary/War
62,How to Be a Latin Lover,61881372,Drama/Family/Romance/Comedy
63,Star Wars: Episode VIII - The Last Jedi,1332539889,Fantasy/Sci-Fi
64,Year One,62357900,Drama/Family/Romance/Comedy
65,The Longest Ride,62944815,Drama/Family/Romance/Comedy
66,One Direction: This Is Us,68532898,Biography/History/Documentary/War
67,Wonder,305937718,Drama/Family/Romance/Comedy
68,Oz the Great and Powerful,493311825,Action/Adventure
69,Star Trek Into Darkness,467365246,Action/Adventure
70,Transformers: Revenge of the Fallen,836303693,Action/Adventure
71,"I Love You, Man",91636986,Drama/Family/Romance/Comedy
72,Obsessed,73830340,Drama/Family/Romance/Comedy
73,Selma,66787908,Biography/History/Documentary/War
74,Resident Evil: Retribution,240159255,Action/Adventure
75,Kung Fu Panda 3,521170825,Animation/Fantasy
76,Inkheart,62450361,Drama/Family/Romance/Comedy
77,Vantage Point,151161491,Action/Adventure
78,Tinker Tailor Soldier Spy,80630608,Thriller/Mystery/Horror/Crime
79,Paranormal Activity,193355800,Thriller/Mystery/Horror/Crime
80,Philomena,100129872,Biography/History/Documentary/War
81,Eagle Eye,178066569,Thriller/Mystery/Horror/Crime
82,Buddies in India,109593721,Drama/Family/Romance/Comedy
83,Abominable,167457510,Animation/Fantasy
84,Tammy,100375432,Drama/Family/Romance/Comedy
85,Avengers: Endgame,2797800564,Marvel
86,Identity Thief,173965010,Drama/Family/Romance/Comedy
87,Due Date,211780824,Drama/Family/Romance/Comedy
88,Hot Tub Time Machine,64572262,Drama/Family/Romance/Comedy
89,The Back-up Plan,77477008,Drama/Family/Romance/Comedy
90,Zombieland,102392080,Fantasy/Sci-Fi
91,Green Lantern,219851172,DC
92,Pokémon Detective Pikachu,431705346,Action/Adventure
93,The Three Musketeers,132274484,Biography/History/Documentary/War
94,After Earth,243611982,Thriller/Mystery/Horror/Crime
95,Iron Man 2,623933331,Marvel
96,The Five-Year Engagement,53909751,Drama/Family/Romance/Comedy
97,Paul Blart: Mall Cop,183293131,Drama/Family/Romance/Comedy
98,Ponyo,201750937,Animation/Fantasy
99,College Road Trip,51549674,Drama/Family/Romance/Comedy
100,Warcraft: The Beginning,439048914,Fantasy/Sci-Fi
101,Ice Age: Collision Course,408579038,Animation/Fantasy
102,This Means War,156491279,Drama/Family/Romance/Comedy
103,About Time,87100449,Fantasy/Sci-Fi
104,Hacksaw Ridge,175302354,Biography/History/Documentary/War
105,Terminator Salvation,371353001,Action/Adventure
106,The Pink Panther 2,75946615,Drama/Family/Romance/Comedy
107,The Lego Ninjago Movie,123081555,Animation/Fantasy
108,Child's Play,44902237,Thriller/Mystery/Horror/Crime
109,Life as We Know It,105648706,Drama/Family/Romance/Comedy
110,Mission: Impossible - Fallout,791115104,Action/Adventure
111,Couples Retreat,171844840,Drama/Family/Romance/Comedy
112,Jurassic World,1670400637,Fantasy/Sci-Fi
113,Ferdinand,296069199,Animation/Fantasy
114,Frozen,1274219009,Animation/Fantasy
115,Smallfoot,214040103,Animation/Fantasy
116,Maze Runner: The Scorch Trials,312296056,Action/Adventure
117,Midsommar,41084036,Drama/Family/Romance/Comedy
118,Did You Hear About the Morgans?,85280250,Drama/Family/Romance/Comedy
119,X-Men: First Class,352616690,Action/Adventure
120,Ice Age: Dawn of the Dinosaurs,886686817,Animation/Fantasy
121,Muppets Most Wanted,80383113,Others
122,A Nightmare on Elm Street,115664037,Thriller/Mystery/Horror/Crime
123,Grown Ups 2,246984278,Drama/Family/Romance/Comedy
124,Deadpool,782612155,Drama/Family/Romance/Comedy
125,Straight Outta Compton,201634991,Biography/History/Documentary/War
126,Zombieland: Double Tap,102825907,Drama/Family/Romance/Comedy
127,The Girl Who Played with Fire,67126795,Drama/Family/Romance/Comedy
128,Happy Death Day 2U,64503067,Drama/Family/Romance/Comedy
129,The Smurfs 2,347545360,Animation/Fantasy
130,Abduction,82087155,Action/Adventure
131,Inception,828322032,Action/Adventure
132,It,700381748,Thriller/Mystery/Horror/Crime
133,Breakthrough,50444358,Biography/History/Documentary/War
134,Geostorm,221600160,Fantasy/Sci-Fi
135,A Bad Moms Christmas,130560428,Drama/Family/Romance/Comedy
136,Pixels,244874809,Drama/Family/Romance/Comedy
137,American Reunion,234989584,Drama/Family/Romance/Comedy
138,Megamind,321885765,Animation/Fantasy
139,Mamma Mia! Here We Go Again,395044706,Others
140,Evangelion: 3.0 You Can (Not) Redo,60487945,Animation/Fantasy
141,The Adjustment Bureau,127869379,Drama/Family/Romance/Comedy
142,The Ugly Truth,205298907,Drama/Family/Romance/Comedy
143,The Happening,163403799,Thriller/Mystery/Horror/Crime
144,Riddick,98337295,Action/Adventure
145,Boo! A Madea Halloween,74827344,Thriller/Mystery/Horror/Crime
146,Magic Mike,167221571,Drama/Family/Romance/Comedy
147,Sherlock Holmes,524028679,Action/Adventure
148,Pacific Rim,411002906,Action/Adventure
149,47 Ronin,151783839,Fantasy/Sci-Fi
150,Skyfall,1108561013,Action/Adventure
151,Colombiana,60965854,Drama/Family/Romance/Comedy
152,Parental Guidance,119772232,Drama/Family/Romance/Comedy
153,Stalingrad,68129518,Biography/History/Documentary/War
154,Pitch Perfect,115350426,Others
155,Thor,449326618,Marvel
156,Jackass 3D,171685792,Biography/History/Documentary/War
157,Into the Storm,161502194,Action/Adventure
158,Cloudy with a Chance of Meatballs 2,274325949,Animation/Fantasy
159,Fantastic Mr. Fox,46471023,Animation/Fantasy
160,Quartet,59520298,Drama/Family/Romance/Comedy
161,Nim's Island,100076342,Action/Adventure
162,Super 8,260095986,Fantasy/Sci-Fi
163,Hellboy,44664690,Action/Adventure
164,Underworld: Blood Wars,81093313,Biography/History/Documentary/War
165,This Is the End,126041322,Drama/Family/Romance/Comedy
166,Prince of Persia: The Sands of Time,336365676,Action/Adventure
167,The Shack,96942115,Fantasy/Sci-Fi
168,The Intruder,36599361,Thriller/Mystery/Horror/Crime
169,A Dog's Purpose,205035819,Drama/Family/Romance/Comedy
170,The Lego Movie,468060692,Animation/Fantasy
171,Tomb Raider,274650803,Action/Adventure
172,Paranormal Activity 2,177512032,Thriller/Mystery/Horror/Crime
173,Monsters vs. Aliens,381509870,Animation/Fantasy
174,Tower Heist,152930623,Drama/Family/Romance/Comedy
175,Beijing Love Story,65842375,Drama/Family/Romance/Comedy
176,Chronicle,126636097,Fantasy/Sci-Fi
177,The Chronicles of Narnia: The Voyage of the Dawn Treader,415686217,Action/Adventure
178,Speed Racer,93945766,Others
179,The Great Wall,334933831,Fantasy/Sci-Fi
180,Hercules,244819862,Animation/Fantasy
181,Safe Haven,97594140,Drama/Family/Romance/Comedy
182,Nine,53998806,Others
183,Scary Movie 5,78378744,Drama/Family/Romance/Comedy
184,Spider-Man: Far from Home,1131845802,Marvel
185,The Mule,174504407,Thriller/Mystery/Horror/Crime
186,Annabelle: Creation,306515884,Thriller/Mystery/Horror/Crime
187,2012,769679473,Fantasy/Sci-Fi
188,Fantastic Beasts and Where to Find Them,814037575,Action/Adventure
189,Rise of the Planet of the Apes,481800873,Thriller/Mystery/Horror/Crime
190,Yogi Bear,201584141,Animation/Fantasy
191,Snatched,60845711,Action/Adventure
192,The Devil Inside,101758490,Thriller/Mystery/Horror/Crime
193,Precious,63647833,Drama/Family/Romance/Comedy
194,Avatar,2743856300,Fantasy/Sci-Fi
195,Jason Bourne,415484914,Thriller/Mystery/Horror/Crime
196,The Town,154026136,Thriller/Mystery/Horror/Crime
197,Men in Black: International,253890701,Fantasy/Sci-Fi
198,John Carter,284139100,Action/Adventure
199,The Next Three Days,67448651,Action/Adventure
200,Hellboy II: The Golden Army,160388063,Biography/History/Documentary/War
201,Peter Rabbit,351266433,Animation/Fantasy
202,One Piece Film: Gold,66207073,Animation/Fantasy
203,The Amazing Spider-Man 2,708982323,Action/Adventure
204,Cars 3,383930656,Animation/Fantasy
205,The Possession,85446075,Thriller/Mystery/Horror/Crime
206,Beverly Hills Chihuahua,149281606,Drama/Family/Romance/Comedy
207,Ninja Assassin,61601280,Thriller/Mystery/Horror/Crime
208,Minions,1159398397,Animation/Fantasy
209,Salt,293503354,Thriller/Mystery/Horror/Crime
210,Letters to Juliet,79181750,Drama/Family/Romance/Comedy
211,Bad Moms,183936074,Drama/Family/Romance/Comedy
212,Jurassic World: Fallen Kingdom,1308467944,Action/Adventure
213,Furious 7,1515047671,Action/Adventure
214,A Taxi Driver,81674009,Biography/History/Documentary/War
215,How Long Will I Love U,82881319,Drama/Family/Romance/Comedy
216,Oblivion,286168572,Action/Adventure
217,Sully,240797623,Biography/History/Documentary/War
218,Hotel Transylvania 3: Summer Vacation,528583774,Animation/Fantasy
219,The Walk,61181942,Biography/History/Documentary/War
220,Shutter Island,294804195,Thriller/Mystery/Horror/Crime
221,Madea Goes to Jail,90508336,Drama/Family/Romance/Comedy
222,Bumblebee,467989645,Fantasy/Sci-Fi
223,The Hobbit: An Unexpected Journey,1017003568,Drama/Family/Romance/Comedy
224,Anna,30918726,Action/Adventure
225,Dangal,302895451,Biography/History/Documentary/War
226,Escape Plan,137328301,Thriller/Mystery/Horror/Crime
227,Cloud Atlas,130482868,Fantasy/Sci-Fi
228,Pete's Dragon,143695338,Drama/Family/Romance/Comedy
229,The Heat,229930771,Drama/Family/Romance/Comedy
230,Grown Ups,271430189,Drama/Family/Romance/Comedy
231,Escape from Planet Earth,74597643,Animation/Fantasy
232,Rio,483866518,Animation/Fantasy
233,Storks,183388953,Animation/Fantasy
234,American Hustle,251171807,Thriller/Mystery/Horror/Crime
235,Let's Be Cops,138224951,Drama/Family/Romance/Comedy
236,Personal Tailor,116126458,Drama/Family/Romance/Comedy
237,Aftershock,100292829,Thriller/Mystery/Horror/Crime
238,The Predator,160542134,Action/Adventure
239,Street Kings,65572887,Thriller/Mystery/Horror/Crime
240,Cong cong na nian,94244191,Drama/Family/Romance/Comedy
241,Wonder Woman,821847012,DC
242,G-Force,292817841,Animation/Fantasy
243,Sultan,87280000,Others
244,Ouija,103590271,Thriller/Mystery/Horror/Crime
245,Second Act,72282227,Drama/Family/Romance/Comedy
246,"Definitely, Maybe",55447968,Drama/Family/Romance/Comedy
247,The Secret Life of Walter Mitty,188133322,Drama/Family/Romance/Comedy
248,"Alexander and the Terrible, Horrible, No Good, Very Bad Day",100654149,Drama/Family/Romance/Comedy
249,127 Hours,60738797,Biography/History/Documentary/War
250,Think Like a Man Too,70181428,Drama/Family/Romance/Comedy
251,Sicario,84872444,Thriller/Mystery/Horror/Crime
252,Happy Death Day,125479266,Thriller/Mystery/Horror/Crime
253,Planes,239258712,Animation/Fantasy
254,Doubt,51018161,Drama/Family/Romance/Comedy
255,Robin Hood,321669741,Biography/History/Documentary/War
256,The Iron Lady,114956699,Biography/History/Documentary/War
257,Gangster Squad,105200903,Thriller/Mystery/Horror/Crime
258,The Curse of La Llorona,122133739,Thriller/Mystery/Horror/Crime
259,Puss in Boots,554987477,Animation/Fantasy
260,The Expendables,274470394,Thriller/Mystery/Horror/Crime
261,Downton Abbey,182050075,Drama/Family/Romance/Comedy
262,Doctor Strange,677718395,Marvel
263,Fame,77211836,Others
264,Mr. Popper's Penguins,187361754,Fantasy/Sci-Fi
265,Brick Mansions,68896829,Action/Adventure
266,R.I.P.D.,78324220,Thriller/Mystery/Horror/Crime
267,Fantastic Four,167882881,Fantasy/Sci-Fi
268,Changeling,113020256,Biography/History/Documentary/War
269,Blue Jasmine,97505481,Drama/Family/Romance/Comedy
270,The Boxtrolls,108255770,Animation/Fantasy
271,Pirates of the Caribbean: On Stranger Tides,1045713802,Action/Adventure
272,The Bounty Hunter,136333522,Drama/Family/Romance/Comedy
273,Night at the Museum: Secret of the Tomb,363204635,Drama/Family/Romance/Comedy
274,The International,60161391,Drama/Family/Romance/Comedy
275,Twilight,392616625,Drama/Family/Romance/Comedy
276,The Best Man Holiday,72835710,Drama/Family/Romance/Comedy
277,Pan,128388320,Fantasy/Sci-Fi
278,The Girl with the Dragon Tattoo,104395170,Thriller/Mystery/Horror/Crime
279,Avengers: Age of Ultron,1402805868,Marvel
280,Surrogates,122444772,Thriller/Mystery/Horror/Crime
281,What Men Want,72216294,Fantasy/Sci-Fi
282,Death Race,75677515,Thriller/Mystery/Horror/Crime
283,Adrift,59945012,Biography/History/Documentary/War
284,22 Jump Street,331333876,Drama/Family/Romance/Comedy
285,9,48428063,Animation/Fantasy
286,Guardians of the Galaxy Vol. 2,863756051,Marvel
287,Point Break,133718711,Thriller/Mystery/Horror/Crime
288,Just Go with It,214945591,Drama/Family/Romance/Comedy
289,Vacation,104884188,Action/Adventure
290,Rise of the Guardians,306941670,Animation/Fantasy
291,Into the Woods,212902372,Others
292,Finding Mr Right 2,114679097,Drama/Family/Romance/Comedy
293,Poltergeist,95437994,Thriller/Mystery/Horror/Crime
294,Transcendence,103039258,Fantasy/Sci-Fi
295,TRON: Legacy,400062763,Fantasy/Sci-Fi
296,Bride Wars,115154152,Drama/Family/Romance/Comedy
297,Meet the Spartans,84646831,Drama/Family/Romance/Comedy
298,Heaven Is for Real,101332962,Biography/History/Documentary/War
299,The Last Airbender,319713881,Action/Adventure
300,Shock Wave,58815633,Action/Adventure
301,Teenage Mutant Ninja Turtles: Out of the Shadows,245623848,Drama/Family/Romance/Comedy
302,True Grit,252276927,Others
303,I Feel Pretty,94539426,Drama/Family/Romance/Comedy
304,The Purge: Anarchy,111928365,Action/Adventure
305,Insidious: Chapter 3,112983889,Thriller/Mystery/Horror/Crime
306,Split,278454358,Thriller/Mystery/Horror/Crime
307,Hansel & Gretel: Witch Hunters,226349749,Fantasy/Sci-Fi
308,Prometheus,403354469,Thriller/Mystery/Horror/Crime
309,Begin Again,63464861,Others
310,Tangled,591794936,Others
311,Sausage Party,140705322,Animation/Fantasy
312,Mr. Peabody & Sherman,275698039,Animation/Fantasy
313,The Mermaid,553810228,Drama/Family/Romance/Comedy
314,Dirty Grandpa,94073028,Drama/Family/Romance/Comedy
315,Duplicity,78146652,Drama/Family/Romance/Comedy
316,Horrible Bosses 2,107645357,Thriller/Mystery/Horror/Crime
317,The Huntsman: Winter's War,164989338,Fantasy/Sci-Fi
318,The Fighter,129190869,Others
319,Free Birds,110387072,Animation/Fantasy
320,Gulliver's Travels,237382724,Drama/Family/Romance/Comedy
321,Venom,856085151,Thriller/Mystery/Horror/Crime
322,The Meg,530243742,Fantasy/Sci-Fi
323,The SpongeBob Movie: Sponge Out of Water,325186032,Animation/Fantasy
324,The Art of Racing in the Rain,33766787,Others
325,The Wolfman,139789765,Thriller/Mystery/Horror/Crime
326,Skyscraper,304868961,Thriller/Mystery/Horror/Crime
327,Exit,69869487,Thriller/Mystery/Horror/Crime
328,Seventh Son,114178613,Action/Adventure
329,The Mortal Instruments: City of Bones,95396573,Fantasy/Sci-Fi
330,I Belonged to You,119107580,Drama/Family/Romance/Comedy
331,Ghosts of Girlfriends Past,102223269,Drama/Family/Romance/Comedy
332,Jumper,222231186,Fantasy/Sci-Fi
333,Hope Springs,114281051,Drama/Family/Romance/Comedy
334,Tropic Thunder,188072649,Biography/History/Documentary/War
335,Widows,75984700,Thriller/Mystery/Horror/Crime
336,Thunder and the House of Magic,64197205,Animation/Fantasy
337,La La Land,446092357,Others
338,Step Up All In,86165646,Drama/Family/Romance/Comedy
339,Goldbuster,57628292,Fantasy/Sci-Fi
340,The Judge,84419388,Drama/Family/Romance/Comedy
341,The Tourist,278346189,Action/Adventure
342,Sicario: Day of the Soldado,75836683,Drama/Family/Romance/Comedy
343,Wall Street: Money Never Sleeps,134748021,Drama/Family/Romance/Comedy
344,Dear John,114977104,Biography/History/Documentary/War
345,Savages,82966152,Thriller/Mystery/Horror/Crime
346,Star Wars: The Clone Wars,68282844,Animation/Fantasy
347,Ralph Breaks the Internet,529323962,Animation/Fantasy
348,Miracles from Heaven,73883359,Biography/History/Documentary/War
349,Devil and Angel,98599942,Drama/Family/Romance/Comedy
350,Sex and the City 2,288347692,Drama/Family/Romance/Comedy
351,Mamma Mia!,609841637,Others
352,P Storm,117991727,Thriller/Mystery/Horror/Crime
353,So Young,114926694,Drama/Family/Romance/Comedy
354,Ender's Game,125537191,Action/Adventure
355,Four Christmases,163733697,Drama/Family/Romance/Comedy
356,Mechanic: Resurrection,125729635,Action/Adventure
357,Paper Towns,85512300,Drama/Family/Romance/Comedy
358,Escape Room,155712077,Thriller/Mystery/Horror/Crime
359,Captain America: The Winter Soldier,714421503,Marvel
360,How to Train Your Dragon 2,621537519,Animation/Fantasy
361,A Million Ways to Die in the West,87189756,Others
362,Inglourious Basterds,321455689,Biography/History/Documentary/War
363,How to Train Your Dragon,494878759,Animation/Fantasy
364,Jack and Jill,149673788,Drama/Family/Romance/Comedy
365,Dawn of the Planet of the Apes,710644566,Action/Adventure
366,Gran Torino,269958228,Drama/Family/Romance/Comedy
367,Brightburn,32893421,Drama/Family/Romance/Comedy
368,Hop,183953723,Animation/Fantasy
369,The Foreigner,145374099,Thriller/Mystery/Horror/Crime
370,Resident Evil: Afterlife,300228084,Thriller/Mystery/Horror/Crime
371,We're the Millers,269994119,Thriller/Mystery/Horror/Crime
372,A Cool Fish,118153135,Drama/Family/Romance/Comedy
373,"Love, Simon",66316289,Drama/Family/Romance/Comedy
374,Beauty and the Beast,1263521126,Animation/Fantasy
375,Confidential Assignment,55972241,Action/Adventure
376,Cold War II,103197501,Thriller/Mystery/Horror/Crime
377,Tiger Zinda Hai,87320000,Thriller/Mystery/Horror/Crime
378,The Vow,196114570,Drama/Family/Romance/Comedy
379,The House Bunny,70431655,Drama/Family/Romance/Comedy
380,The Smurfs,563749323,Animation/Fantasy
381,Monster Trucks,64493915,Drama/Family/Romance/Comedy
382,Mission: Impossible - Ghost Protocol,694713380,Action/Adventure
383,Spy Kids 4-D: All the Time in the World,85564310,Action/Adventure
384,Zero Dark Thirty,132820716,Drama/Family/Romance/Comedy
385,The Expendables 2,314975955,Action/Adventure
386,The Family,78418811,Thriller/Mystery/Horror/Crime
387,The Breakup Guru,106980263,Drama/Family/Romance/Comedy
388,Hancock,624386771,Action/Adventure
389,Capernaum,64398132,Drama/Family/Romance/Comedy
390,Goodbye Mr. Loser,228122928,Drama/Family/Romance/Comedy
391,Office Christmas Party,114501299,Drama/Family/Romance/Comedy
392,Wonder Park,119559110,Animation/Fantasy
393,Blockers,94017294,Drama/Family/Romance/Comedy
394,The Great Gatsby,353641895,Drama/Family/Romance/Comedy
395,Need for Speed,203277636,Thriller/Mystery/Horror/Crime
396,Frankenweenie,81491068,Animation/Fantasy
397,Bridesmaids,288383523,Drama/Family/Romance/Comedy
398,The Hustle,95017038,Thriller/Mystery/Horror/Crime
399,Limitless,161849455,Thriller/Mystery/Horror/Crime
400,The First Purge,137056262,Fantasy/Sci-Fi
401,Warm Bodies,116980662,Drama/Family/Romance/Comedy
402,Evil Dead,97542952,Fantasy/Sci-Fi
403,Overcomer,35708893,Others
404,Lone Survivor,154802912,Biography/History/Documentary/War
405,Act of Valor,81272766,Biography/History/Documentary/War
406,The Age of Adaline,65663276,Drama/Family/Romance/Comedy
407,PK,100370104,Fantasy/Sci-Fi
408,Burlesque,89519773,Others
409,Secretariat,60251371,Biography/History/Documentary/War
410,Passengers,303144152,Fantasy/Sci-Fi
411,Five Feet Apart,91528689,Drama/Family/Romance/Comedy
412,In the Heart of the Sea,93920758,Biography/History/Documentary/War
413,The Hitman's Bodyguard,176586701,Drama/Family/Romance/Comedy
414,Underworld Awakening,160112671,Action/Adventure
415,Saw V,113864059,Thriller/Mystery/Horror/Crime
416,Dracula Untold,217124280,Biography/History/Documentary/War
417,The Hunger Games,694394724,Action/Adventure
418,Ghost Rider: Spirit of Vengeance,132563930,Action/Adventure
419,Detective Dee: The Four Heavenly Kings,90040771,Action/Adventure
420,X-Men: Apocalypse,543934105,Action/Adventure
421,Rambo: Last Blood,86967911,Action/Adventure
422,The Man from U.N.C.L.E.,107045109,Drama/Family/Romance/Comedy
423,The Theory of Everything,123726688,Biography/History/Documentary/War
424,Dolphin Tale,95404397,Drama/Family/Romance/Comedy
425,Brüno,138805831,Drama/Family/Romance/Comedy
426,American Made,134866593,Biography/History/Documentary/War
427,The Dark Tower,113231078,Others
428,Smurfs: The Lost Village,197183546,Animation/Fantasy
429,Invictus,122233971,Biography/History/Documentary/War
430,The Legend of Tarzan,356700357,Action/Adventure
431,Funny People,71585235,Drama/Family/Romance/Comedy
432,The Boy,64188367,Thriller/Mystery/Horror/Crime
433,Land of the Lost,68777554,Drama/Family/Romance/Comedy
434,The Muppets,165184237,Others
435,Mission: Impossible - Rogue Nation,682714267,Thriller/Mystery/Horror/Crime
436,Rango,245724603,Others
437,Milk,54586584,Biography/History/Documentary/War
438,Mama,146428180,Thriller/Mystery/Horror/Crime
439,To Rome with Love,73244881,Drama/Family/Romance/Comedy
440,I Am Not Madame Bovary,70826207,Drama/Family/Romance/Comedy
441,District 9,210819611,Action/Adventure
442,Marmaduke,83761844,Drama/Family/Romance/Comedy
443,Logan,619021436,Thriller/Mystery/Horror/Crime
444,The Lego Movie 2: The Second Part,191306508,Others
445,The Nun,365550119,Thriller/Mystery/Horror/Crime
446,He's Just Not That Into You,178846899,Drama/Family/Romance/Comedy
447,Brave,538983207,Animation/Fantasy
448,Drillbit Taylor,49690625,Drama/Family/Romance/Comedy
449,The Tale of Despereaux,86947965,Animation/Fantasy
450,The Eye,56964642,Thriller/Mystery/Horror/Crime
451,Superhero Movie,71239186,Action/Adventure
452,Baahubali 2: The Conclusion,254158390,Action/Adventure
453,Real Steel,299268508,Others
454,Rings,83080890,Drama/Family/Romance/Comedy
455,Vice,76073488,Biography/History/Documentary/War
456,Dunkirk,525245546,Biography/History/Documentary/War
457,Creed,173567581,Others
458,Cold Pursuit,76419755,Action/Adventure
459,RoboCop,242688965,Action/Adventure
460,Dolphin Tale 2,57824533,Drama/Family/Romance/Comedy
461,The Avengers,1518812988,Marvel
462,Trainwreck,140795793,Drama/Family/Romance/Comedy
463,The Grey,77278331,Thriller/Mystery/Horror/Crime
464,Solo: A Star Wars Story,392924807,Action/Adventure
465,If I Stay,78274843,Fantasy/Sci-Fi
466,Jumanji: Welcome to the Jungle,962077546,Fantasy/Sci-Fi
467,Hotel for Dogs,117000198,Drama/Family/Romance/Comedy
468,The 5th Wave,109906372,Action/Adventure
469,The Other Guys,170432927,Drama/Family/Romance/Comedy
470,Up,735099082,Animation/Fantasy
471,The Dark Knight,1003045358,DC
472,The Sorcerer's Apprentice,215283742,Fantasy/Sci-Fi
473,The Nut Job,120885527,Animation/Fantasy
474,Deepwater Horizon,121790373,Biography/History/Documentary/War
475,Madagascar: Escape 2 Africa,603900354,Animation/Fantasy
476,The Artist,133432856,Drama/Family/Romance/Comedy
477,The Men Who Stare at Goats,68968688,Biography/History/Documentary/War
478,Green Book,321752656,Biography/History/Documentary/War
479,This Is 40,88058786,Drama/Family/Romance/Comedy
480,Drive,76176032,Drama/Family/Romance/Comedy
481,Daddy's Home 2,180613180,Drama/Family/Romance/Comedy
482,My Little Pony: The Movie,60330833,Others
483,The Upside,122752517,Drama/Family/Romance/Comedy
484,Run All Night,71561644,Thriller/Mystery/Horror/Crime
485,Ted,549368315,Drama/Family/Romance/Comedy
486,The Strangers,82391145,Thriller/Mystery/Horror/Crime
487,Insurgent,297002527,Action/Adventure
488,The Lone Ranger,260502115,Others
489,21 Jump Street,201585328,Action/Adventure
490,Journey to the West: The Demons Strike Back,246620398,Fantasy/Sci-Fi
491,Inferno,220021259,Action/Adventure
492,Last Vegas,134402450,Drama/Family/Romance/Comedy
493,The Hobbit: The Battle of the Five Armies,956019788,Fantasy/Sci-Fi
494,Now You See Me,351723989,Thriller/Mystery/Horror/Crime
495,47 Meters Down: Uncaged,38912179,Thriller/Mystery/Horror/Crime
496,Exodus: Gods and Kings,268175631,Fantasy/Sci-Fi
497,Wreck-It Ralph,471222889,Animation/Fantasy
498,Fast & Furious 6,788679850,Thriller/Mystery/Horror/Crime
499,Life,100541806,Thriller/Mystery/Horror/Crime
500,Olympus Has Fallen,170270201,Thriller/Mystery/Horror/Crime
501,Star Trek Beyond,343471816,Thriller/Mystery/Horror/Crime
502,New Year's Eve,142044638,Drama/Family/Romance/Comedy
503,Darkest Hour,150847207,Biography/History/Documentary/War
504,Central Intelligence,216972543,Thriller/Mystery/Horror/Crime
505,The Boss Baby,527965936,Animation/Fantasy
506,The Proposal,317375031,Drama/Family/Romance/Comedy
507,Nothing to Declare,90000000,Drama/Family/Romance/Comedy
508,Good Boys,110883070,Drama/Family/Romance/Comedy
509,My Big Fat Greek Wedding 2,88923251,Drama/Family/Romance/Comedy
510,Bajrangi Bhaijaan,75547184,Action/Adventure
511,The Odd Life of Timothy Green,56012642,Drama/Family/Romance/Comedy
512,Man of Steel,668045518,DC
513,Iron Man 3,1214811252,Marvel
514,The Twilight Saga: Eclipse,698491347,Fantasy/Sci-Fi
515,Night School,103105878,Drama/Family/Romance/Comedy
516,Ocean's Eight,297718711,Action/Adventure
517,Chasing the Dragon,87965942,Biography/History/Documentary/War
518,Paranormal Activity: The Marked Ones,90894962,Thriller/Mystery/Horror/Crime
519,I Am Number Four,149878437,Action/Adventure
520,Les Misérables,441809770,Others
521,Mile 22,66308758,Action/Adventure
522,Harry Potter and the Deathly Hallows: Part 2,1341511219,Drama/Family/Romance/Comedy
523,Shin Godzilla,77947607,Fantasy/Sci-Fi
524,The Hunger Games: Mockingjay - Part 1,755356711,Thriller/Mystery/Horror/Crime
525,Cop Out,55583804,Thriller/Mystery/Horror/Crime
526,The Addams Family,156747127,Fantasy/Sci-Fi
527,The Women,50007546,Drama/Family/Romance/Comedy
528,Spider-Man: Homecoming,880166924,Marvel
529,10 Cloverfield Lane,110216998,Fantasy/Sci-Fi
530,Journey to the West,205637183,Drama/Family/Romance/Comedy
531,G.I. Joe: Retaliation,375740705,Action/Adventure
532,Tooth Fairy,112462508,Others
533,The Ex-File 3: Return of the Exes,307592427,Drama/Family/Romance/Comedy
534,The Martian,630161890,Fantasy/Sci-Fi
535,Maleficent: Mistress of Evil,434181232,Action/Adventure
536,Dark Phoenix,252442974,Fantasy/Sci-Fi
537,Zhongkui: Snow Girl and the Dark Crystal,64325947,Fantasy/Sci-Fi
538,The Fourth Kind,47709193,Thriller/Mystery/Horror/Crime
539,Deadpool 2,734546611,Action/Adventure
540,The Mummy,409231607,Fantasy/Sci-Fi
541,Stuber,32390945,Drama/Family/Romance/Comedy
542,A Simple Favor,97644617,Drama/Family/Romance/Comedy
543,The 15:17 to Paris,57076286,Biography/History/Documentary/War
544,King Arthur: Legend of the Sword,148675066,Fantasy/Sci-Fi
545,Neighbors 2: Sorority Rising,108007109,Drama/Family/Romance/Comedy
546,Contagion,135458097,Drama/Family/Romance/Comedy
547,Hereditary,79336821,Drama/Family/Romance/Comedy
548,Remember Me,56032889,Drama/Family/Romance/Comedy
549,Step Up 2: The Streets,150816700,Others
550,Step Up Revolution,140470746,Others
551,Kung Fu Panda,631744560,Animation/Fantasy
552,Looper,176506819,Thriller/Mystery/Horror/Crime
553,Allegiant,179246868,Thriller/Mystery/Horror/Crime
554,The Hangover Part II,586764305,Drama/Family/Romance/Comedy
555,Saw VI,68233629,Thriller/Mystery/Horror/Crime
556,Ted 2,215863606,Drama/Family/Romance/Comedy
557,The Wolverine,414828246,Fantasy/Sci-Fi
558,The Conjuring 2,320392818,Thriller/Mystery/Horror/Crime
559,The Commuter,119942387,Action/Adventure
560,The Green Hornet,227817248,Thriller/Mystery/Horror/Crime
561,Django Unchained,425368238,Others
562,Ma,60582764,Thriller/Mystery/Horror/Crime
563,G.I. Joe: The Rise of Cobra,302469017,Fantasy/Sci-Fi
564,13 Hours,69411370,Biography/History/Documentary/War
565,Arrival,203388186,Drama/Family/Romance/Comedy
566,300: Rise of an Empire,337580051,Action/Adventure
567,The Forbidden Kingdom,127980002,Fantasy/Sci-Fi
568,The Lincoln Lawyer,75009200,Thriller/Mystery/Horror/Crime
569,WALL·E,521311860,Animation/Fantasy
570,Star Wars: Episode VII - The Force Awakens,2068223624,Action/Adventure
571,Burn After Reading,163720069,Drama/Family/Romance/Comedy
572,Girls Trip,140552359,Drama/Family/Romance/Comedy
573,The Bourne Legacy,276144750,Action/Adventure
574,Saw: The Final Chapter,136150434,Thriller/Mystery/Horror/Crime
575,Abraham Lincoln: Vampire Hunter,116471580,Others
576,Police Story: Lockdown,94249025,Drama/Family/Romance/Comedy
577,Extreme Job,119932733,Action/Adventure
578,Angels & Demons,485930816,Thriller/Mystery/Horror/Crime
579,Monster Hunt,385284817,Action/Adventure
580,Rio 2,498781117,Animation/Fantasy
581,Mike and Dave Need Wedding Dates,77068246,Drama/Family/Romance/Comedy
582,The Twilight Saga: Breaking Dawn - Part 1,712205856,Fantasy/Sci-Fi
583,Bad Grandpa,151826547,Drama/Family/Romance/Comedy
584,Baywatch,177856751,Action/Adventure
585,The Equalizer,192330738,Thriller/Mystery/Horror/Crime
586,J. Edgar,84920539,Biography/History/Documentary/War
587,High School Musical 3: Senior Year,252909177,Others
588,Journey to the Center of the Earth,241995151,Action/Adventure
589,War,67179155,Thriller/Mystery/Horror/Crime
590,The Transporter Refueled,72629670,Thriller/Mystery/Horror/Crime
591,Paddington,268047808,Action/Adventure
592,Yesterday,151286650,Others
593,The American,67876281,Thriller/Mystery/Horror/Crime
594,Batman v Superman: Dawn of Justice,873634919,DC
595,How to Be Single,112343513,Drama/Family/Romance/Comedy
596,More Than Blue,142958164,Drama/Family/Romance/Comedy
597,The Boss,78844582,Drama/Family/Romance/Comedy
598,Toy Story 4,1073163682,Animation/Fantasy
599,The Lovely Bones,93621340,Thriller/Mystery/Horror/Crime
600,Allied,119520023,Biography/History/Documentary/War
601,Unknown,130786397,Action/Adventure
602,Money Monster,93282604,Drama/Family/Romance/Comedy
603,Up in the Air,166842739,Drama/Family/Romance/Comedy
604,Bohemian Rhapsody,903655259,Biography/History/Documentary/War
605,The Angry Birds Movie 2,145678023,Animation/Fantasy
606,Priest,78309505,Action/Adventure
607,Magic Mike XXL,117813057,Drama/Family/Romance/Comedy
608,Countdown,28330051,Fantasy/Sci-Fi
609,The Ides of March,75993061,Thriller/Mystery/Horror/Crime
610,Pompeii,117831631,Biography/History/Documentary/War
611,Divergent,288885818,Action/Adventure
612,The Emoji Movie,217776646,Animation/Fantasy
613,42,97470701,Others
614,Power Rangers,142337240,Action/Adventure
615,The Woman in Black,127730736,Thriller/Mystery/Horror/Crime
616,The Amazing Spider-Man,757930663,Action/Adventure
617,Valkyrie,200292390,Biography/History/Documentary/War
618,Lincoln,275293450,Biography/History/Documentary/War
619,Vicky Cristina Barcelona,96409300,Drama/Family/Romance/Comedy
620,The X Files: I Want to Believe,68369434,Fantasy/Sci-Fi
621,Pineapple Express,101624843,Drama/Family/Romance/Comedy
622,White House Down,205366737,Action/Adventure
623,The Secret Life of Pets 2,429434163,Animation/Fantasy
624,Bridget Jones's Baby,211952420,Drama/Family/Romance/Comedy
625,Public Enemies,214104620,Biography/History/Documentary/War
626,You Don't Mess with the Zohan,199936011,Drama/Family/Romance/Comedy
627,My Sister's Keeper,95714875,Drama/Family/Romance/Comedy
628,Walking with Dinosaurs 3D,126546518,Animation/Fantasy
629,The Mountain Between Us,62832209,Action/Adventure
630,The Grand Budapest Hotel,172936941,Thriller/Mystery/Horror/Crime
631,Coco Before Chanel,50812934,Biography/History/Documentary/War
632,The Grandmaster,64076736,Biography/History/Documentary/War
633,The Secret Life of Pets,875457937,Animation/Fantasy
634,Unfriended,62882090,Thriller/Mystery/Horror/Crime
635,The Lorax,348840316,Others
636,Bolt,309979994,Animation/Fantasy
637,The Reader,108901967,Drama/Family/Romance/Comedy
638,Along with the Gods: The Last 49 Days,97962238,Fantasy/Sci-Fi
639,Veteran,94393020,Drama/Family/Romance/Comedy
640,The Descendants,177243185,Drama/Family/Romance/Comedy
641,Iron Man,585366247,Marvel
642,Guardians of the Galaxy,772776600,Marvel
643,Harry Potter and the Half-Blood Prince,933959197,Thriller/Mystery/Horror/Crime
644,Quantum of Solace,586090727,Thriller/Mystery/Horror/Crime
645,One Piece: Stampede,79885414,Animation/Fantasy
646,Life of the Party,65859911,Drama/Family/Romance/Comedy
647,San Andreas,473990832,Thriller/Mystery/Horror/Crime
648,Life of Pi,609016565,Fantasy/Sci-Fi
649,Creed II,214115889,Others
650,Sucker Punch,89792502,Action/Adventure
651,Rogue One: A Star Wars Story,1056057273,Action/Adventure
652,Big Hero 6,657827828,Animation/Fantasy
653,Alpha,98203196,Action/Adventure
654,Wanted,341432090,Action/Adventure
655,Rocketman,195179299,Others
656,Watchmen,185258983,DC
657,Mary Poppins Returns,349537494,Others
658,Hotel Transylvania 2,474800000,Animation/Fantasy
659,Hitman: Agent 47,82347656,Action/Adventure
660,Cloudy with a Chance of Meatballs,243006126,Animation/Fantasy
661,Alvin and the Chipmunks: The Squeakquel,443140005,Animation/Fantasy
662,Horton Hears a Who!,297138014,Animation/Fantasy
663,Non-Stop,222809600,Thriller/Mystery/Horror/Crime
664,Alice in Wonderland,1025467110,Action/Adventure
665,The Spiderwick Chronicles,162839667,Drama/Family/Romance/Comedy
666,Alvin and the Chipmunks: The Road Chip,234798636,Animation/Fantasy
667,Something Borrowed,60183821,Drama/Family/Romance/Comedy
668,Crazy Heart,47405566,Drama/Family/Romance/Comedy
669,The Danish Girl,64191523,Biography/History/Documentary/War
670,Ghost in the Shell,169801921,Drama/Family/Romance/Comedy
671,Easy A,74952305,Drama/Family/Romance/Comedy
672,The Social Network,224920315,Biography/History/Documentary/War
673,The Wolf of Wall Street,392000694,Biography/History/Documentary/War
674,Pirates of the Caribbean: Dead Men Tell No Tales,794861794,Action/Adventure
675,The Grinch,511595957,Animation/Fantasy
676,Spider-Man: Into the Spider-Verse,375540831,Animation/Fantasy
677,Blade Runner 2049,259239658,Thriller/Mystery/Horror/Crime
678,Monster Hunt 2,361682618,Action/Adventure
679,Ben-Hur,94061311,Biography/History/Documentary/War
680,The Three Stooges,54819301,Drama/Family/Romance/Comedy
681,Silver Linings Playbook,236412453,Drama/Family/Romance/Comedy
682,Season of the Witch,91627228,Fantasy/Sci-Fi
683,Taken,226830568,Thriller/Mystery/Horror/Crime
684,Body of Lies,115900897,Thriller/Mystery/Horror/Crime
685,The Wedding Ringer,79799880,Drama/Family/Romance/Comedy
686,Doctor Sleep,36695840,Fantasy/Sci-Fi
687,Men in Black 3,624026776,Fantasy/Sci-Fi
688,Halloween,255485178,Thriller/Mystery/Horror/Crime
689,The Angry Birds Movie,352333929,Animation/Fantasy
690,Judy,35442585,Biography/History/Documentary/War
691,The Hangover,467483912,Drama/Family/Romance/Comedy
692,Departures,69932387,Drama/Family/Romance/Comedy
693,Prom Night,57197876,Thriller/Mystery/Horror/Crime
694,Diary of a Wimpy Kid,75700498,Drama/Family/Romance/Comedy
695,Independence Day: Resurgence,389681935,Action/Adventure
696,The Last Exorcism,67738090,Thriller/Mystery/Horror/Crime
697,Paranormal Activity: The Ghost Dimension,78903124,Thriller/Mystery/Horror/Crime
698,The Admiral,112156811,Biography/History/Documentary/War
699,The Hobbit: The Desolation of Smaug,958366855,Fantasy/Sci-Fi
700,That's My Boy,57719093,Drama/Family/Romance/Comedy
701,Captain America: The First Avenger,370569774,Marvel
702,Friends with Benefits,149542245,Drama/Family/Romance/Comedy
703,Let the Bullets Fly,104336887,Others
704,Transporter 3,108979549,Action/Adventure
705,Mirrors,77488607,Thriller/Mystery/Horror/Crime
706,"Everything, Everything",61621140,Drama/Family/Romance/Comedy
707,ParaNorman,107139399,Animation/Fantasy
708,Slumdog Millionaire,377910544,Drama/Family/Romance/Comedy
709,Some Like It Hot,95721320,Drama/Family/Romance/Comedy
710,Dhoom 3,88031955,Action/Adventure
711,Edge of Tomorrow,370541256,Action/Adventure
712,Aladdin,1050693953,Animation/Fantasy
713,Sherlock Gnomes,90345871,Animation/Fantasy
714,August: Osage County,74188937,Drama/Family/Romance/Comedy
715,This Is It,261183588,Biography/History/Documentary/War
716,Horrible Bosses,209838559,Drama/Family/Romance/Comedy
717,Breakup Buddies,189017596,Drama/Family/Romance/Comedy
718,Percy Jackson: Sea of Monsters,199850315,Action/Adventure
719,Insidious,97009150,Thriller/Mystery/Horror/Crime
720,State of Play,87812371,Thriller/Mystery/Horror/Crime
721,Aquaman,1148161807,DC
722,Your Name.,357986087,Animation/Fantasy
723,RED 2,148075565,Thriller/Mystery/Horror/Crime
724,Rambo,113244290,Thriller/Mystery/Horror/Crime
725,Babylon A.D.,72109200,Thriller/Mystery/Horror/Crime
726,Battle Los Angeles,211819354,Action/Adventure
727,London Has Fallen,205754447,Action/Adventure
728,Joker,988735635,DC
729,How to Train Your Dragon: The Hidden World,519896648,Animation/Fantasy
730,Detective Chinatown,125842935,Action/Adventure
731,Train to Busan,87547518,Thriller/Mystery/Horror/Crime
732,Chappie,102069268,Thriller/Mystery/Horror/Crime
733,Bedtime Stories,212874864,Drama/Family/Romance/Comedy
734,Suicide Squad,746846894,DC
735,Captain Phillips,218791811,Biography/History/Documentary/War
736,The Jungle Book,966550600,Fantasy/Sci-Fi
737,The Captain,407664445,Biography/History/Documentary/War
738,Under the Sea 3D,55845991,Others
739,Carrie,84790678,Thriller/Mystery/Horror/Crime
740,Scary Stories to Tell in the Dark,95677760,Thriller/Mystery/Horror/Crime
741,Avengers: Infinity War,2048359754,Marvel
742,From Up on Poppy Hill,61037844,Animation/Fantasy
743,Meet Dave,50650079,Drama/Family/Romance/Comedy
744,Space Chimps,64884277,Animation/Fantasy
745,Friday the 13th,91379051,Thriller/Mystery/Horror/Crime
746,Fifty Shades of Grey,569651467,Drama/Family/Romance/Comedy
747,Night at the Museum: Battle of the Smithsonian,413106170,Drama/Family/Romance/Comedy
748,Long Shot,53410558,Drama/Family/Romance/Comedy
749,Coco,807082196,Animation/Fantasy
750,The Curious Case of Benjamin Button,333932083,Fantasy/Sci-Fi
751,Tag,78130625,Drama/Family/Romance/Comedy
752,American Assassin,67234188,Action/Adventure
753,A Wrinkle in Time,132675864,Fantasy/Sci-Fi
754,Alien: Covenant,240891763,Thriller/Mystery/Horror/Crime
755,Overboard,91244913,Drama/Family/Romance/Comedy
756,Annabelle,257047661,Thriller/Mystery/Horror/Crime
757,The Dictator,179379533,Drama/Family/Romance/Comedy
758,Detective Chinatown 2,544061916,Drama/Family/Romance/Comedy
759,Now You See Me 2,334897606,Thriller/Mystery/Horror/Crime
760,Pitch Perfect 2,287144079,Others
761,Safe House,208076205,Action/Adventure
762,Get Out,255407969,Thriller/Mystery/Horror/Crime
763,Despicable Me 2,970766005,Animation/Fantasy
764,The Secret World of Arrietty,145570827,Animation/Fantasy
765,Edge of Darkness,81124129,Thriller/Mystery/Horror/Crime
766,Along with the Gods: The Two Worlds,109383972,Fantasy/Sci-Fi
767,Joy,101134059,Drama/Family/Romance/Comedy
768,John Wick: Chapter 2,171539887,Action/Adventure
769,Zootopia,1023784195,Animation/Fantasy
770,Assassin's Creed,240697856,Action/Adventure
771,It Chapter Two,462519656,Thriller/Mystery/Horror/Crime
772,Baby Mama,64163648,Drama/Family/Romance/Comedy
773,Fifty Shades Darker,381545846,Drama/Family/Romance/Comedy
774,The Favourite,95918706,Biography/History/Documentary/War
775,Coraline,124596398,Animation/Fantasy
776,Sing,634151679,Others
777,Turbo,282570682,Others
778,Missing Link,26249469,Animation/Fantasy
779,The Devotion of Suspect X,59035664,Thriller/Mystery/Horror/Crime
780,Instant Family,120556201,Drama/Family/Romance/Comedy
781,Jersey Boys,67647013,Others
782,The Book of Life,99783556,Others
783,Resident Evil: The Final Chapter,312242626,Action/Adventure
784,The Twilight Saga: Breaking Dawn - Part 2,829746820,Fantasy/Sci-Fi
785,Focus,158762963,Drama/Family/Romance/Comedy
786,Deliver Us from Evil,87937815,Thriller/Mystery/Horror/Crime
787,Mr. Six,139191345,Drama/Family/Romance/Comedy
788,The Shape of Water,195243464,Thriller/Mystery/Horror/Crime
789,Shoplifters,67998910,Thriller/Mystery/Horror/Crime
790,The Book Thief,76586316,Biography/History/Documentary/War
791,Hotel Transylvania,358375603,Animation/Fantasy
792,Nanny McPhee Returns,93251121,Drama/Family/Romance/Comedy
793,The Imitation Game,233555708,Biography/History/Documentary/War
794,The Best Exotic Marigold Hotel,136836156,Drama/Family/Romance/Comedy
795,Operation Red Sea,579220560,Biography/History/Documentary/War
796,The Watch,68267862,Action/Adventure
797,Where the Wild Things Are,100086793,Drama/Family/Romance/Comedy
798,Railroad Tigers,102205175,Biography/History/Documentary/War
799,Alvin and the Chipmunks: Chipwrecked,342695435,Animation/Fantasy
800,The Karate Kid,359126022,Others
801,Little Fockers,310650585,Drama/Family/Romance/Comedy
802,17 Again,136267476,Drama/Family/Romance/Comedy
803,Annabelle Comes Home,228552591,Thriller/Mystery/Horror/Crime
804,Insidious: The Last Key,167885588,Thriller/Mystery/Horror/Crime
805,The Monkey King 3,115084576,Action/Adventure
806,12 Strong,67450815,Biography/History/Documentary/War
807,The Hateful Eight,155760117,Others
808,Fantastic Beasts: The Crimes of Grindelwald,653755901,Drama/Family/Romance/Comedy
809,Insidious: Chapter 2,161919318,Thriller/Mystery/Horror/Crime
810,2 Guns,131940411,Thriller/Mystery/Horror/Crime
811,Captain Underpants: The First Epic Movie,125427681,Animation/Fantasy
812,Finding Dory,1028570889,Animation/Fantasy
813,Here Comes the Boom,73100172,Others
814,Molly's Game,59284015,Biography/History/Documentary/War
815,The Dark Knight Rises,1081041287,DC
816,Diary of a Wimpy Kid: Rodrick Rules,72417394,Drama/Family/Romance/Comedy
817,Crawl,90510445,Thriller/Mystery/Horror/Crime
818,Elysium,286140700,Fantasy/Sci-Fi
819,Paul Blart: Mall Cop 2,107588225,Thriller/Mystery/Horror/Crime
820,The Crazies,54806823,Thriller/Mystery/Horror/Crime
821,Shaun the Sheep Movie,106209378,Animation/Fantasy
822,Despicable Me,543113985,Animation/Fantasy
823,Planet 51,105647102,Animation/Fantasy
824,Transformers: Dark of the Moon,1123794079,Action/Adventure
825,Battleship,303025485,Thriller/Mystery/Horror/Crime
826,Aliens in the Attic,57881056,Animation/Fantasy
827,Made of Honor,105962760,Drama/Family/Romance/Comedy
828,Valentine's Day,216485654,Drama/Family/Romance/Comedy
829,Forgetting Sarah Marshall,105173115,Drama/Family/Romance/Comedy
830,The Greatest Showman,434993183,Biography/History/Documentary/War
831,Murder on the Orient Express,352789811,Drama/Family/Romance/Comedy
832,Gone Girl,369330363,Thriller/Mystery/Horror/Crime
833,The Taking of Pelham 123,150166126,Thriller/Mystery/Horror/Crime
834,Drag Me to Hell,90842646,Thriller/Mystery/Horror/Crime
835,The Lucky One,99357138,Biography/History/Documentary/War
836,21,157927340,Biography/History/Documentary/War
837,Pacific Rim: Uprising,290930148,Action/Adventure
838,Spectre,880674609,Action/Adventure
839,Penguins of Madagascar,373515621,Animation/Fantasy
840,"10,000 BC",269784201,Biography/History/Documentary/War
841,Taken 3,326479141,Action/Adventure
842,Scream 4,97138686,Thriller/Mystery/Horror/Crime
843,Push,48858618,Fantasy/Sci-Fi
844,Blended,127994610,Drama/Family/Romance/Comedy
845,Piranha 3D,83188165,Thriller/Mystery/Horror/Crime
846,Lucy,458863600,Action/Adventure
847,Teenage Mutant Ninja Turtles,485004754,Action/Adventure
848,Goosebumps 2: Haunted Halloween,93320380,Action/Adventure
849,Why Him?,118102725,Drama/Family/Romance/Comedy
850,Lawless,53676580,Thriller/Mystery/Horror/Crime
851,The Visit,98450062,Thriller/Mystery/Horror/Crime
852,It's Complicated,219103655,Drama/Family/Romance/Comedy
853,Sherlock Holmes: A Game of Shadows,543848418,Action/Adventure
854,The Star,62812974,Animation/Fantasy
855,No Strings Attached,149228077,Drama/Family/Romance/Comedy
856,The Maze Runner,348319861,Thriller/Mystery/Horror/Crime
857,Terminator Genisys,440603537,Action/Adventure
858,The A-Team,177238796,Action/Adventure
859,Legend of the Guardians: The Owls of Ga'Hoole,140073390,Biography/History/Documentary/War
860,Black Mass,99775678,Biography/History/Documentary/War
861,Captain Marvel,1128274794,Marvel
862,The Croods,587204668,Animation/Fantasy
863,Sanju,71535130,Biography/History/Documentary/War
864,The Rite,96047633,Thriller/Mystery/Horror/Crime
865,X-Men Origins: Wolverine,373062864,Action/Adventure
866,Wrath of the Titans,301970083,Fantasy/Sci-Fi
867,Righteous Kill,78460699,Thriller/Mystery/Horror/Crime
868,The Adventures of Tintin,373993951,Animation/Fantasy
869,The Internship,93492844,Drama/Family/Romance/Comedy
870,Devil,62695489,Thriller/Mystery/Horror/Crime
871,War for the Planet of the Apes,490719763,Fantasy/Sci-Fi
872,Manchester by the Sea,78988148,Drama/Family/Romance/Comedy
873,God's Not Dead,64667874,Drama/Family/Romance/Comedy
874,500 Days of Summer,60722734,Drama/Family/Romance/Comedy
875,Going in Style,84918541,Drama/Family/Romance/Comedy
876,Birdman or (The Unexpected Virtue of Ignorance),103215094,Drama/Family/Romance/Comedy
877,The Ghost Writer,60222298,Thriller/Mystery/Horror/Crime
878,Angel Has Fallen,133365452,Thriller/Mystery/Horror/Crime
879,The Final Destination,186167139,Thriller/Mystery/Horror/Crime
880,Morning Glory,60040976,Drama/Family/Romance/Comedy
881,Cloverfield,170764026,Thriller/Mystery/Horror/Crime
882,Hustlers,144990084,Thriller/Mystery/Horror/Crime
883,Wolf Totem,125799039,Action/Adventure
884,The Thieves,83519699,Action/Adventure
885,The Imaginarium of Doctor Parnassus,61808775,Fantasy/Sci-Fi
886,Step Brothers,128107642,Drama/Family/Romance/Comedy
887,Moonrise Kingdom,68263166,Drama/Family/Romance/Comedy
888,Ride Along 2,124605297,Action/Adventure
889,27 Dresses,160259319,Drama/Family/Romance/Comedy
890,Ad Astra,126992864,Drama/Family/Romance/Comedy
891,Crimson Peak,74679822,Drama/Family/Romance/Comedy
892,The Twilight Saga: New Moon,709827462,Drama/Family/Romance/Comedy
893,Fury,211817906,Biography/History/Documentary/War
894,Tiny Times,77717014,Drama/Family/Romance/Comedy
895,The King's Speech,410867243,Biography/History/Documentary/War
896,Despicable Me 3,1034799409,Animation/Fantasy
897,The Campaign,104907746,Drama/Family/Romance/Comedy
898,Skyline,66821036,Thriller/Mystery/Horror/Crime
899,Isle of Dogs,64241499,Animation/Fantasy
900,Hall Pass,83160734,Drama/Family/Romance/Comedy
901,Elite Squad: The Enemy Within,63027681,Thriller/Mystery/Horror/Crime
902,Collateral Beauty,88528280,Drama/Family/Romance/Comedy
903,Australia,211368784,Biography/History/Documentary/War
904,Assassination,96119773,Action/Adventure
905,Ride Along,154468902,Drama/Family/Romance/Comedy
906,Kick-Ass,96188903,Drama/Family/Romance/Comedy
907,Hanna,63782078,Thriller/Mystery/Horror/Crime
908,The Bravest,238004304,Action/Adventure
909,Alice Through the Looking Glass,299457024,Action/Adventure
910,The Day the Earth Stood Still,233093859,Drama/Family/Romance/Comedy
911,The Hunger Games: Mockingjay - Part 2,653428261,Action/Adventure
912,The Intouchables,426588510,Biography/History/Documentary/War
913,St. Vincent,54837234,Drama/Family/Romance/Comedy
914,Jack Reacher: Never Go Back,162146076,Action/Adventure
915,Spotlight,98275238,Biography/History/Documentary/War
916,Dora and the Lost City of Gold,116826172,Drama/Family/Romance/Comedy
917,The Peanuts Movie,246233113,Animation/Fantasy
918,A Good Day to Die Hard,304654182,Thriller/Mystery/Horror/Crime
919,Wolf Warrior 2,870325439,Biography/History/Documentary/War
920,The Good Dinosaur,332207671,Animation/Fantasy
921,Spy,235666219,Thriller/Mystery/Horror/Crime
922,Chasing the Dragon II: Wild Wild Bunch,45733356,Biography/History/Documentary/War
923,Transformers: The Last Knight,605425157,Action/Adventure
924,Jupiter Ascending,183887723,Action/Adventure
925,Date Night,152263880,Drama/Family/Romance/Comedy
926,Fifty Shades Freed,371985018,Drama/Family/Romance/Comedy
927,Justice League,657924295,DC
928,Leap!,84197417,Animation/Fantasy
929,Gods of Egypt,150680864,Action/Adventure
930,Sanctum,108609310,Drama/Family/Romance/Comedy
931,After,69497587,Drama/Family/Romance/Comedy
932,Toy Story 3,1066969703,Animation/Fantasy
933,Godzilla,524976069,Thriller/Mystery/Horror/Crime
934,Dumbo,353284621,Animation/Fantasy
935,Red Sparrow,151572634,Drama/Family/Romance/Comedy
936,The Monuments Men,154984035,Biography/History/Documentary/War
937,Annie,133821816,Others
938,Kubo and the Two Strings,69929545,Animation/Fantasy
939,The Hangover Part III,362000072,Thriller/Mystery/Horror/Crime
940,The Climbers,153782355,Biography/History/Documentary/War
941,Looking Up,122994583,Drama/Family/Romance/Comedy
942,Ant-Man and the Wasp,622674139,Marvel
943,Jack Reacher,218340595,Action/Adventure
944,Daddy's Home,242786137,Drama/Family/Romance/Comedy
945,The Second Best Exotic Marigold Hotel,85978266,Drama/Family/Romance/Comedy
946,Flight,161772375,Drama/Family/Romance/Comedy
947,Glass,246985576,Thriller/Mystery/Horror/Crime
948,Indiana Jones and the Kingdom of the Crystal Skull,786636033,Action/Adventure
949,Gnomeo & Juliet,193967670,Animation/Fantasy
950,The House with a Clock in Its Walls,131457147,Drama/Family/Romance/Comedy
951,Hugo,185770160,Drama/Family/Romance/Comedy
952,Kingsman: The Golden Circle,410902662,Action/Adventure
953,The Call,68572378,Drama/Family/Romance/Comedy
954,Taken 2,376141306,Thriller/Mystery/Horror/Crime
955,The Pirates! Band of Misfits,123054041,Animation/Fantasy
956,I Can Only Imagine,85978248,Biography/History/Documentary/War
957,Revolutionary Road,75226021,Drama/Family/Romance/Comedy
958,Hannah Montana and Miley Cyrus: Best of Both Worlds Concert,70642036,Biography/History/Documentary/War
959,Larry Crowne,72008245,Drama/Family/Romance/Comedy
960,Rampage,428028233,Action/Adventure
961,Arthur Christmas,147419472,Animation/Fantasy
962,Pitch Perfect 3,185400345,Others
963,The Spy Who Dumped Me,75320680,Action/Adventure
964,Dumb and Dumber To,169837010,Drama/Family/Romance/Comedy
965,Clash of the Titans,493214993,Action/Adventure
966,Hereafter,105197635,Drama/Family/Romance/Comedy
967,Rock of Ages,59418613,Others
968,Midway,42186561,Biography/History/Documentary/War
969,Dragonball Evolution,55720772,Fantasy/Sci-Fi
970,Miss Peregrine's Home for Peculiar Children,296482446,Fantasy/Sci-Fi
971,Dark Shadows,245527149,Thriller/Mystery/Horror/Crime
972,We Bought a Zoo,120081841,Drama/Family/Romance/Comedy
973,Eat Pray Love,204594016,Drama/Family/Romance/Comedy
974,Noah,359200044,Thriller/Mystery/Horror/Crime
975,The Revenant,532950503,Others
976,Madagascar 3: Europe's Most Wanted,746921274,Animation/Fantasy
977,In Time,173930596,Thriller/Mystery/Horror/Crime
978,Interstellar,677463813,Drama/Family/Romance/Comedy
979,Star Trek,385680446,Fantasy/Sci-Fi
980,Ready Player One,582890172,Action/Adventure
981,Dragon Ball Super: Broly,114102821,Animation/Fantasy
982,Searching,75462037,Thriller/Mystery/Horror/Crime
983,Black Panther,1346913161,Marvel
984,The Hundred-Foot Journey,88880821,Drama/Family/Romance/Comedy
985,Operation Mekong,173128787,Biography/History/Documentary/War
986,Peppermint,53918723,Drama/Family/Romance/Comedy
987,Harry Potter and the Deathly Hallows: Part 1,960283305,Fantasy/Sci-Fi
988,War Dogs,86234523,Biography/History/Documentary/War
989,First Man,105697415,Biography/History/Documentary/War
990,Secret Superstar,121956937,Others
991,What to Expect When You're Expecting,84384002,Drama/Family/Romance/Comedy
992,Crazy Rich Asians,238532921,Drama/Family/Romance/Comedy
993,Parasite,107493062,Thriller/Mystery/Horror/Crime
994,The Other Boleyn Girl,77713866,Biography/History/Documentary/War
995,The Wandering Earth,699760773,Action/Adventure
996,Running Man,68782475,Others
997,Confessions of a Shopaholic,108333222,Drama/Family/Romance/Comedy
998,The White Storm 2: Drug Lords,188092373,Action/Adventure
999,Think Like a Man,96070507,Drama/Family/Romance/Comedy
1000,Yes Man,223241637,Drama/Family/Romance/Comedy
1001,The Change-Up,75450437,Fantasy/Sci-Fi
1002,Moneyball,110206216,Others
1003,Lost in Hong Kong,256283912,Drama/Family/Romance/Comedy
1004,Everest,203427584,Biography/History/Documentary/War
1005,The Darkest Hour,64626786,Action/Adventure
1006,The Magnificent Seven,162360636,Others
1007,Snowpiercer,86758912,Fantasy/Sci-Fi
1008,Get Hard,111711453,Thriller/Mystery/Horror/Crime
1009,Monsters University,743559607,Animation/Fantasy
1010,Sex and the City,415253641,Drama/Family/Romance/Comedy
1011,The Hunger Games: Catching Fire,865011746,Fantasy/Sci-Fi
1012,Isn't It Romantic,48791187,Drama/Family/Romance/Comedy
1013,Kung Fu Yoga,254212245,Action/Adventure
1014,Unbroken,161459297,Biography/History/Documentary/War
1015,Ice Age: Continental Drift,877244782,Animation/Fantasy
1016,Water for Elephants,117094902,Drama/Family/Romance/Comedy
1017,Jack the Giant Slayer,197687603,Action/Adventure
1018,The Time Traveler's Wife,101344412,Fantasy/Sci-Fi
1019,Diary of a Wimpy Kid: Dog Days,77112176,Drama/Family/Romance/Comedy
1020,UglyDolls,32450241,Others
1021,Early Man,54622814,Others
1022,John Wick,86013056,Action/Adventure
1023,Captain America: Civil War,1153296293,Marvel
1024,Lady Bird,78965611,Drama/Family/Romance/Comedy
1025,Cars 2,559852396,Others
1026,Unstoppable,167805466,Thriller/Mystery/Horror/Crime
1027,Race to Witch Mountain,106387141,Action/Adventure
1028,Lee Daniels' The Butler,176598908,Biography/History/Documentary/War
1029,Young Detective Dee: Rise of the Sea Dragon,72287783,Action/Adventure
1030,The Giver,66980456,Fantasy/Sci-Fi
1031,Alita: Battle Angel,404852543,Action/Adventure
1032,The Nut Job 2: Nutty by Nature,65146020,Animation/Fantasy
1033,The Intern,194564672,Drama/Family/Romance/Comedy
1034,Terminator: Dark Fate,202941367,Action/Adventure
1035,Line Walker 2: Invisible Spy,99482027,Action/Adventure
1036,The Monkey King 2,193677158,Action/Adventure
1037,The Purge,89328627,Thriller/Mystery/Horror/Crime
1038,Game Night,117679066,Thriller/Mystery/Horror/Crime
1039,World War Z,540007876,Thriller/Mystery/Horror/Crime
1040,The Lego Batman Movie,311950384,Animation/Fantasy
1041,Fences,64414761,Drama/Family/Romance/Comedy
1042,The Other Woman,196710396,Drama/Family/Romance/Comedy
1043,What Happens in Vegas,219375562,Drama/Family/Romance/Comedy
1044,Untraceable,52659594,Thriller/Mystery/Horror/Crime
1045,Why Did I Get Married Too?,60673972,Drama/Family/Romance/Comedy
1046,Me Before You,208314186,Drama/Family/Romance/Comedy
1047,Finding Mr. Right,84112033,Drama/Family/Romance/Comedy
1048,Step Up 3D,159291809,Others
1049,If You Are the One 2,76070352,Drama/Family/Romance/Comedy
1050,American Sniper,547426372,Biography/History/Documentary/War
1051,Hidden Figures,235956898,Biography/History/Documentary/War
1052,Ode to My Father,99085291,Biography/History/Documentary/War
1053,The Help,216639112,Drama/Family/Romance/Comedy
1054,Vampires Suck,80547866,Drama/Family/Romance/Comedy
1055,Ant-Man,519311965,Marvel
1056,Shazam!,364571656,DC
1057,Nights in Rodanthe,84375346,Drama/Family/Romance/Comedy
1058,Dinner for Schmucks,86855739,Drama/Family/Romance/Comedy
1059,The Taking of Tiger Mountain,141654055,Biography/History/Documentary/War
1060,Lion,140312928,Biography/History/Documentary/War
1061,Jack Ryan: Shadow Recruit,135503748,Thriller/Mystery/Horror/Crime
1062,Underworld: Rise of the Lycans,91353501,Fantasy/Sci-Fi
1063,Bad Guys: The Movie,34024386,Thriller/Mystery/Horror/Crime
1064,Lights Out,148868835,Thriller/Mystery/Horror/Crime
1065,xXx: Return of Xander Cage,346118277,Action/Adventure
1066,The Chronicles of Narnia: Prince Caspian,419665568,Action/Adventure
1067,The Mummy: Tomb of the Dragon Emperor,403449830,Action/Adventure
1068,Incredibles 2,1242805359,Animation/Fantasy
1069,John Wick: Chapter 3 - Parabellum,326667460,Action/Adventure
1070,Mortal Engines,83672673,Action/Adventure
1071,The Nutcracker and the Four Realms,173961069,Fantasy/Sci-Fi
1072,Valerian and the City of a Thousand Planets,225874228,Action/Adventure
1073,The Big Sick,56411585,Drama/Family/Romance/Comedy
1074,Ready or Not,57147559,Thriller/Mystery/Horror/Crime
1075,A Dog's Way Home,76087556,Action/Adventure
1076,Den of Thieves,80509622,Drama/Family/Romance/Comedy
1077,Mojin - The Lost Legend,259368448,Fantasy/Sci-Fi
1078,Lost in Thailand,197757387,Drama/Family/Romance/Comedy
1079,Fast Five,626137675,Action/Adventure
1080,Midnight in Paris,151119219,Fantasy/Sci-Fi
1081,RED,199006387,Thriller/Mystery/Horror/Crime
1082,Book Club,104438188,Drama/Family/Romance/Comedy
1083,Christopher Robin,197744377,Drama/Family/Romance/Comedy
1084,Legion,67918658,Biography/History/Documentary/War
1085,Final Destination 5,157887643,Thriller/Mystery/Horror/Crime
1086,47 Meters Down,62187529,Drama/Family/Romance/Comedy
1087,Transformers: Age of Extinction,1104054072,Action/Adventure
1088,Gemini Man,169257846,Drama/Family/Romance/Comedy
1089,I Can Do Bad All by Myself,51733921,Drama/Family/Romance/Comedy
1090,Baby Driver,226945087,Others
1091,Paddington 2,227331938,Drama/Family/Romance/Comedy
1092,Seven Pounds,168168201,Drama/Family/Romance/Comedy
1093,Total Recall,198467168,Thriller/Mystery/Horror/Crime
1094,Kong: Skull Island,566652812,Fantasy/Sci-Fi
1095,The Last Song,89041656,Drama/Family/Romance/Comedy
1096,"Three Billboards Outside Ebbing, Missouri",159210164,Thriller/Mystery/Horror/Crime
1097,Get Smart,230685453,Drama/Family/Romance/Comedy
1098,Orphan,76699632,Thriller/Mystery/Horror/Crime
1099,Mirror Mirror,183018522,Drama/Family/Romance/Comedy
1100,Contraband,96262212,Drama/Family/Romance/Comedy
1101,The Purge: Election Year,118587880,Thriller/Mystery/Horror/Crime
1102,Kingsman: The Secret Service,414351546,Thriller/Mystery/Horror/Crime
1103,The Big Short,133440870,Biography/History/Documentary/War
1104,The Kid Who Would Be King,32140970,Action/Adventure
1105,Masquerade,80762596,Drama/Family/Romance/Comedy
1106,Happy Feet Two,150406466,Animation/Fantasy
1107,The Fate of the Furious,1236005118,Thriller/Mystery/Horror/Crime
1108,The Shallows,119100758,Thriller/Mystery/Horror/Crime
1109,Green Zone,94882549,Biography/History/Documentary/War
1110,Thor: Ragnarok,853977126,Marvel
1111,All the Money in the World,56996304,Biography/History/Documentary/War
1112,Home,386041607,Animation/Fantasy
1113,The Blind Side,309208309,Others
1114,Nerve,85251425,Thriller/Mystery/Horror/Crime
1115,Jigsaw,102952888,Thriller/Mystery/Horror/Crime
1116,Get Him to the Greek,91261479,Others
1117,The Expendables 3,214657577,Action/Adventure
1118,The Dilemma,69721966,Drama/Family/Romance/Comedy
1119,Godzilla: King of the Monsters,385900138,Action/Adventure
1120,The Lion King,1655146969,Others
1121,Pet Sematary,112399944,Thriller/Mystery/Horror/Crime
1122,Max Payne,85416905,Action/Adventure
1123,My Bloody Valentine,100734718,Thriller/Mystery/Horror/Crime
1124,A Christmas Carol,325286646,Animation/Fantasy
1125,Johnny English Reborn,160078586,Action/Adventure
1126,Paranormal Activity 4,142802657,Thriller/Mystery/Horror/Crime
1127,Madea's Witness Protection,66899242,Drama/Family/Romance/Comedy
1128,Paranormal Activity 3,207039844,Thriller/Mystery/Horror/Crime
1129,Shadow,91708374,Biography/History/Documentary/War
1130,Killers,98159963,Drama/Family/Romance/Comedy
1131,The Bank Job,64822796,Thriller/Mystery/Horror/Crime
1132,Neighbors,270665134,Drama/Family/Romance/Comedy
1133,Epic,268426634,Animation/Fantasy
1134,War Horse,177584879,Biography/History/Documentary/War
1135,Son of God,67800064,Biography/History/Documentary/War
1136,12 Years a Slave,187733202,Biography/History/Documentary/War
1137,No manches Frida 2,26493648,Drama/Family/Romance/Comedy
1138,Don't Breathe,157100845,Thriller/Mystery/Horror/Crime
1139,Maleficent,758410378,Drama/Family/Romance/Comedy
1140,Project X,102731865,Drama/Family/Romance/Comedy
1141,Hannah Montana: The Movie,155545279,Drama/Family/Romance/Comedy
1142,"Crazy, Stupid, Love.",145051197,Drama/Family/Romance/Comedy
1143,Moana,643331111,Animation/Fantasy
1144,Maze Runner: The Death Cure,288175335,Thriller/Mystery/Horror/Crime
1145,Truth or Dare,95330493,Thriller/Mystery/Horror/Crime
1146,Pain & Gain,86175291,Thriller/Mystery/Horror/Crime
1147,Fighting with My Family,39058886,Others
1148,Duckweed,151092784,Drama/Family/Romance/Comedy
1149,Ghostbusters,229147509,Fantasy/Sci-Fi
1150,The Girl on the Train,173185859,Thriller/Mystery/Horror/Crime
1151,Goosebumps,158260952,Drama/Family/Romance/Comedy
1152,Snow White and the Huntsman,396592829,Drama/Family/Romance/Comedy
1153,Sinister,77712439,Thriller/Mystery/Horror/Crime
1154,The Mechanic,76129642,Thriller/Mystery/Horror/Crime
1155,The Accountant,155160045,Action/Adventure
1156,Shrek Forever After,752600867,Animation/Fantasy
1157,A Star Is Born,434888866,Others
1158,Law Abiding Citizen,126690726,Drama/Family/Romance/Comedy
1159,Sisters,105011053,Drama/Family/Romance/Comedy
1160,"Big Mommas: Like Father, Like Son",82686066,Drama/Family/Romance/Comedy
1161,The Fault in Our Stars,307166834,Drama/Family/Romance/Comedy
1162,The BFG,183288689,Drama/Family/Romance/Comedy
1163,Takers,69055695,Thriller/Mystery/Horror/Crime
1164,Southpaw,91970827,Others
